{
    "camera": {
        "fov": 100,
        "position": [
            0.2876368463039398,
            0.15930786728858948,
            2.778371810913086
        ],
        "target": [
            -0.9376419074607938,
            0.584922345055433,
            0.5495981498675344
        ],
        "startAnim": "none",
        "animTrack": null
    },
    "background": {
        "color": [
            0.4,
            0.4,
            0.4
        ]
    },
    "animTracks": []
}